{"cameraMode":{"drawMode":0,"name":"Shaded","section":"Shading Mode"},"sceneLighting":true,"audioPlay":false,"sceneViewState":{"m_AlwaysRefresh":false,"showFog":true,"showSkybox":true,"showFlares":true,"showImageEffects":true,"showParticleSystems":true,"showVisualEffectGraphs":true,"m_FxEnabled":true},"in2DMode":false,"pivot":{"x":-4.522101879119873,"y":1.2711337804794312,"z":3.9492082595825197},"rotation":{"x":-0.016204699873924257,"y":0.2658204436302185,"z":-0.004465349949896336,"w":-0.9638630151748657},"size":6.407680511474609,"orthographic":false}